,osm_obj_type,id,latitude,longitude,unit,street_no,street_name,osm_tag,full_address,request_address
149889,way,480069298,45.3816823,-75.7482057,,709,Edison Avenue,apartments,"709 Edison avenue, Ottawa, ON","709 Edison avenue, Ottawa, ON"
280441,way,619212469,45.4387718,-75.6795071,,311,Crichton Street,apartments,"311 Crichton street, Ottawa, ON","311 Crichton street, Ottawa, ON"
9614,way,321904232,45.4314747,-75.6554462,,308,McArthur Avenue,apartments,"308 Mcarthur avenue, Ottawa, ON","308 Mcarthur avenue, Ottawa, ON"
259144,way,606498324,45.3171562,-75.9159682,,150,Robson Court,apartments,"150 Robson court, Ottawa, ON","150 Robson court, Ottawa, ON"
8453,way,309856701,45.3829311,-75.7388338,,825,Kirkwood Avenue,apartments,"825 Kirkwood avenue, Ottawa, ON","825 Kirkwood avenue, Ottawa, ON"
137010,way,478830122,45.4405493,-75.6837166,,180,Avon Lane,apartments,"180 Avon lane, Ottawa, ON","180 Avon lane, Ottawa, ON"
63502,way,471676386,45.3323215,-75.7521206,,7,Majestic Drive,apartments,"7 Majestic drive, Ottawa, ON","7 Majestic drive, Ottawa, ON"
7667,way,300981318,45.438689,-75.6710557,,76,St-Charles Street,apartments,"76 St-charles street, Ottawa, ON","76 St-charles street, Ottawa, ON"
290184,way,683629928,45.275195,-75.2686255,,1093,Notre Dame Street,apartments,"1093 Notre dame street, Ottawa, ON","1093 Notre dame street, Ottawa, ON"
254123,way,591682960,45.2888651,-75.8628936,,8,Stonehill Court,apartments,"8 Stonehill court, Ottawa, ON","8 Stonehill court, Ottawa, ON"
221,way,58592635,45.4431241,-75.6776103,,124,Springfield Road,apartments,"124 Springfield road, Ottawa, ON","124 Springfield road, Ottawa, ON"
139968,way,478971887,45.3981815,-75.712268,,287,Loretta Avenue South,apartments,"287 Loretta avenue south, Ottawa, ON","287 Loretta avenue south, Ottawa, ON"
280256,way,619191192,45.4402121,-75.677481,,16,Schoolhouse Private,apartments,"16 Schoolhouse private, Ottawa, ON","16 Schoolhouse private, Ottawa, ON"
4486,way,237159476,45.3809313,-75.7495552,,724,Melbourne Avenue,apartments,"724 Melbourne avenue, Ottawa, ON","724 Melbourne avenue, Ottawa, ON"
1720,way,69589181,45.0227045,-75.6432165,,200,Bridge Street North,apartments,"200 Bridge street north, Ottawa, ON","200 Bridge street north, Ottawa, ON"
280285,way,619191221,45.4401031,-75.6795725,,342,MacKay Street,apartments,"342 Mackay street, Ottawa, ON","342 Mackay street, Ottawa, ON"
249051,way,585009390,45.424986,-75.6778776,,194,Osgoode Street,apartments,"194 Osgoode street, Ottawa, ON","194 Osgoode street, Ottawa, ON"
7803,way,305214048,45.3978487,-75.6975257,,865,Bronson Avenue,apartments,"865 Bronson avenue, Ottawa, ON","865 Bronson avenue, Ottawa, ON"
149840,way,479951361,45.3876455,-75.7285795,,22,Anna Avenue,apartments,"22 Anna avenue, Ottawa, ON","22 Anna avenue, Ottawa, ON"
247057,way,584077781,45.4315468,-75.6838218,,100,Little London Private,apartments,"100 Little london private, Ottawa, ON","100 Little london private, Ottawa, ON"
5427,way,251834023,45.380747,-75.7382323,,888,Kirkwood Avenue,apartments,"888 Kirkwood avenue, Ottawa, ON","888 Kirkwood avenue, Ottawa, ON"
206578,way,549603602,45.4036163,-75.7053004,,281,Lebreton Street South,apartments,"281 Lebreton street south, Ottawa, ON","281 Lebreton street south, Ottawa, ON"
192137,way,543217658,45.4139505,-75.691298,,315,Frank Street,apartments,"315 Frank street, Ottawa, ON","315 Frank street, Ottawa, ON"
6834,way,264415451,45.4310913,-75.6825992,,201,Friel Street,apartments,"201 Friel street, Ottawa, ON","201 Friel street, Ottawa, ON"
234971,way,578244270,45.3993307,-75.6228783,,1974,St-Laurent Boulevard,apartments,"1974 St-laurent boulevard, Ottawa, ON","1974 St-laurent boulevard, Ottawa, ON"
248146,way,584792071,45.4090901,-75.6879983,,128,Pretoria Avenue,apartments,"128 Pretoria avenue, Ottawa, ON","128 Pretoria avenue, Ottawa, ON"
166435,way,483073635,45.4341756,-75.560655,,2737,Innes Road,apartments,"2737 Innes road, Ottawa, ON","2737 Innes road, Ottawa, ON"
288664,way,638327777,45.4229671,-75.681891,,79,Louis-Pasteur Private,apartments,"79 Louis-pasteur private, Ottawa, ON","79 Louis-pasteur private, Ottawa, ON"
2149,way,152674549,45.433592,-75.6748159,,215,Wurtemburg Street,apartments,"215 Wurtemburg street, Ottawa, ON","215 Wurtemburg street, Ottawa, ON"
11120,way,375847547,45.4391845,-75.6776138,,409,MacKay Street,apartments,"409 Mackay street, Ottawa, ON","409 Mackay street, Ottawa, ON"
1472,way,68710420,45.4106385,-75.6768134,,15,Oblats Avenue,apartments,"15 Oblats avenue, Ottawa, ON","15 Oblats avenue, Ottawa, ON"
7903,way,307095983,45.3745895,-75.735403,,1438,Morisset Avenue,apartments,"1438 Morisset avenue, Ottawa, ON","1438 Morisset avenue, Ottawa, ON"
15551,way,441862550,45.3995145,-75.7244217,,105,Rosemount Avenue,apartments,"105 Rosemount avenue, Ottawa, ON","105 Rosemount avenue, Ottawa, ON"
319,way,68585960,45.4446555,-75.6423191,,540,Thomson Street,apartments,"540 Thomson street, Ottawa, ON","540 Thomson street, Ottawa, ON"
248965,way,585009126,45.4286262,-75.6786815,,377,Wilbrod Street,apartments,"377 Wilbrod street, Ottawa, ON","377 Wilbrod street, Ottawa, ON"
7175,way,287530344,45.4074922,-75.6581632,,1601,Alta Vista Drive,apartments,"1601 Alta vista drive, Ottawa, ON","1601 Alta vista drive, Ottawa, ON"
1463,way,68710339,45.415242,-75.6708227,,180,Lees Avenue,apartments,"180 Lees avenue, Ottawa, ON","180 Lees avenue, Ottawa, ON"
7776,way,305067825,45.4722178,-75.5296016,,6415,Lumberman Way,apartments,"6415 Lumberman way, Ottawa, ON","6415 Lumberman way, Ottawa, ON"
140997,way,479047833,45.4226055,-75.6579928,,198,Presland Road,apartments,"198 Presland road, Ottawa, ON","198 Presland road, Ottawa, ON"
2532,way,165789182,45.4302297,-75.6808009,,385,Besserer Street,apartments,"385 Besserer street, Ottawa, ON","385 Besserer street, Ottawa, ON"
289977,way,676739714,45.2897751,-75.727622,,345,Tribeca Private,apartments,"345 Tribeca private, Ottawa, ON","345 Tribeca private, Ottawa, ON"
136798,way,478631553,45.4443224,-75.6724445,,236,Rideau Terrace,apartments,"236 Rideau terrace, Ottawa, ON","236 Rideau terrace, Ottawa, ON"
256785,way,599908022,45.2899692,-75.7269973,,365,Tribeca Private,apartments,"365 Tribeca private, Ottawa, ON","365 Tribeca private, Ottawa, ON"
220399,way,565152407,45.3474629,-75.7294096,,320,Titan Private,apartments,"320 Titan private, Ottawa, ON","320 Titan private, Ottawa, ON"
205915,way,549072500,45.3967809,-75.7123246,,106,Applegate Private,apartments,"106 Applegate private, Ottawa, ON","106 Applegate private, Ottawa, ON"
225535,way,569392796,45.3779994,-75.6429615,,1680,Walkley Road,apartments,"1680 Walkley road, Ottawa, ON","1680 Walkley road, Ottawa, ON"
249153,way,585009513,45.4219209,-75.6751017,,210,Russell Avenue,apartments,"210 Russell avenue, Ottawa, ON","210 Russell avenue, Ottawa, ON"
150635,way,480204502,45.4311128,-75.6547749,,387,Carmen Avenue,apartments,"387 Carmen avenue, Ottawa, ON","387 Carmen avenue, Ottawa, ON"
5426,way,251834022,45.3819177,-75.738933,,852,Kirkwood Avenue,apartments,"852 Kirkwood avenue, Ottawa, ON","852 Kirkwood avenue, Ottawa, ON"
289889,way,672188277,45.5466164,-75.2923534,,2169,Laurier Street,apartments,"2169 Laurier street, Ottawa, ON","2169 Laurier street, Ottawa, ON"
310,way,68577546,45.4728792,-75.5199549,,2802,St. Joseph Boulevard,apartments,"2802 St. joseph boulevard, Ottawa, ON","2802 St. joseph boulevard, Ottawa, ON"
250664,way,586637696,45.3512527,-75.8053179,,45,Bayshore Drive,apartments,"45 Bayshore drive, Ottawa, ON","45 Bayshore drive, Ottawa, ON"
192140,way,543217662,45.4138075,-75.6913941,,319,Frank Street,apartments,"319 Frank street, Ottawa, ON","319 Frank street, Ottawa, ON"
49769,way,471143113,45.4734535,-75.4546509,,200,Rustic Hills Crescent,apartments,"200 Rustic hills crescent, Ottawa, ON","200 Rustic hills crescent, Ottawa, ON"
280653,way,619344288,45.4349854,-75.6919315,,261,Cathcart Street,apartments,"261 Cathcart street, Ottawa, ON","261 Cathcart street, Ottawa, ON"
281488,way,620505974,45.4226445,-75.6784166,,224,Somerset Street East,apartments,"224 Somerset street east, Ottawa, ON","224 Somerset street east, Ottawa, ON"
19860,way,460432543,45.4438294,-75.647586,,515,St-Laurent Boulevard,apartments,"515 St-laurent boulevard, Ottawa, ON","515 St-laurent boulevard, Ottawa, ON"
5121,way,247835876,45.3513508,-75.8083865,,22 G,Bayshore Drive,apartments,"22 G Bayshore drive, Ottawa, ON","22 G Bayshore drive, Ottawa, ON"
7791,way,305170577,45.4141944,-75.6891328,,221,Gladstone Avenue,apartments,"221 Gladstone avenue, Ottawa, ON","221 Gladstone avenue, Ottawa, ON"
19674,way,460237024,45.4035604,-75.7052659,,283,Lebreton Street South,apartments,"283 Lebreton street south, Ottawa, ON","283 Lebreton street south, Ottawa, ON"
263884,way,613970460,45.2779291,-75.6772979,,3789,Canyon Walk Drive,apartments,"3789 Canyon walk drive, Ottawa, ON","3789 Canyon walk drive, Ottawa, ON"
5523,way,255223070,45.4232704,-75.6784298,,433,Nelson Street,apartments,"433 Nelson street, Ottawa, ON","433 Nelson street, Ottawa, ON"
6879,way,264547975,45.4030252,-75.7020854,,463,Cambridge Street South,apartments,"463 Cambridge street south, Ottawa, ON","463 Cambridge street south, Ottawa, ON"
223029,way,568011040,45.3615433,-75.7298075,,58,Northview Road,apartments,"58 Northview road, Ottawa, ON","58 Northview road, Ottawa, ON"
205905,way,549072489,45.3966046,-75.7125737,,101,Applegate Private,apartments,"101 Applegate private, Ottawa, ON","101 Applegate private, Ottawa, ON"
247266,way,584078091,45.4323506,-75.6897824,,345,St. Patrick Street,apartments,"345 St. patrick street, Ottawa, ON","345 St. patrick street, Ottawa, ON"
4150,way,233901544,45.3335614,-75.8017651,,91,Valley Stream Drive,apartments,"91 Valley stream drive, Ottawa, ON","91 Valley stream drive, Ottawa, ON"
206582,way,549603606,45.4034066,-75.703668,,178,Plymouth Street,apartments,"178 Plymouth street, Ottawa, ON","178 Plymouth street, Ottawa, ON"
111711,way,473171158,45.3310415,-75.899208,,231,Penfield Drive,apartments,"231 Penfield drive, Ottawa, ON","231 Penfield drive, Ottawa, ON"
5415,way,251700171,45.3515204,-75.7667553,,2060,Westbury Road,apartments,"2060 Westbury road, Ottawa, ON","2060 Westbury road, Ottawa, ON"
9843,way,329497368,45.3545575,-75.7538198,,2,Deerfield Drive,apartments,"2 Deerfield drive, Ottawa, ON","2 Deerfield drive, Ottawa, ON"
767,way,68608756,45.3616685,-75.7423724,,1485,Baseline Road,apartments,"1485 Baseline road, Ottawa, ON","1485 Baseline road, Ottawa, ON"
2584,way,167410343,45.4141383,-75.6958227,,415,Gilmour Street,apartments,"415 Gilmour street, Ottawa, ON","415 Gilmour street, Ottawa, ON"
4191,way,233903207,45.3569961,-75.8017625,,2929,Carling Avenue,apartments,"2929 Carling avenue, Ottawa, ON","2929 Carling avenue, Ottawa, ON"
117,way,55411731,45.4190415,-75.6891288,,30,Cartier Street,apartments,"30 Cartier street, Ottawa, ON","30 Cartier street, Ottawa, ON"
272889,way,616821537,45.011687,-75.652927,,510,Clothier Street West,apartments,"510 Clothier street west, Ottawa, ON","510 Clothier street west, Ottawa, ON"
19046,way,459247990,45.4354515,-75.6918664,,100,King Edward Avenue,apartments,"100 King edward avenue, Ottawa, ON","100 King edward avenue, Ottawa, ON"
1775,way,69604093,45.2214568,-75.5050406,,7650,Snake Island Road,apartments,"7650 Snake island road, Ottawa, ON","7650 Snake island road, Ottawa, ON"
166686,way,483087224,45.4361106,-75.5468826,,2459,Cléroux Crescent,apartments,"2459 Cléroux crescent, Ottawa, ON","2459 Cléroux crescent, Ottawa, ON"
221995,way,567216642,45.2824354,-75.7468135,,472,Via Verona Avenue,apartments,"472 Via verona avenue, Ottawa, ON","472 Via verona avenue, Ottawa, ON"
7461,way,292444375,45.4030527,-75.6877137,,108,Third Avenue,apartments,"108 Third avenue, Ottawa, ON","108 Third avenue, Ottawa, ON"
9573,way,321748241,45.4269536,-75.6794523,,297,Laurier Avenue East,apartments,"297 Laurier avenue east, Ottawa, ON","297 Laurier avenue east, Ottawa, ON"
39629,way,470453231,45.269555,-75.7373059,,298,Glenroy Gilbert Drive,apartments,"298 Glenroy gilbert drive, Ottawa, ON","298 Glenroy gilbert drive, Ottawa, ON"
154453,way,481446483,45.436096,-75.6769835,,95,Wurtemburg Street,apartments,"95 Wurtemburg street, Ottawa, ON","95 Wurtemburg street, Ottawa, ON"
150559,way,480204411,45.4363575,-75.657318,,308,Lacasse Avenue,apartments,"308 Lacasse avenue, Ottawa, ON","308 Lacasse avenue, Ottawa, ON"
3762,way,231246394,45.4305596,-75.690174,,312,Cumberland Street,apartments,"312 Cumberland street, Ottawa, ON","312 Cumberland street, Ottawa, ON"
6908,way,264851794,45.3694779,-75.7043933,,900,Dynes Road,apartments,"900 Dynes road, Ottawa, ON","900 Dynes road, Ottawa, ON"
2400,way,157572886,45.3812353,-75.7702121,,900,Byron Avenue,apartments,"900 Byron avenue, Ottawa, ON","900 Byron avenue, Ottawa, ON"
1403,way,68665431,45.4306941,-75.6632079,,158 A,McArthur Avenue,apartments,"158 A Mcarthur avenue, Ottawa, ON","158 A Mcarthur avenue, Ottawa, ON"
117432,way,473666448,45.3510032,-75.7678522,,2088,Westbury Road,apartments,"2088 Westbury road, Ottawa, ON","2088 Westbury road, Ottawa, ON"
136042,way,478630419,45.4420305,-75.663285,,160,Lavergne Street,apartments,"160 Lavergne street, Ottawa, ON","160 Lavergne street, Ottawa, ON"
19480,way,460106034,45.4129336,-75.6974146,,388 1/2,Kent Street,apartments,"388 1/2 Kent street, Ottawa, ON","388 1/2 Kent street, Ottawa, ON"
287243,way,631438368,45.4094786,-75.7327845,,89,Forward Avenue,apartments,"89 Forward avenue, Ottawa, ON","89 Forward avenue, Ottawa, ON"
1454,way,68710197,45.4084565,-75.662666,,1551,Lycée Place,apartments,"1551 Lycée place, Ottawa, ON","1551 Lycée place, Ottawa, ON"
246988,way,584077707,45.4346276,-75.6957673,,107,Dalhousie Street,apartments,"107 Dalhousie street, Ottawa, ON","107 Dalhousie street, Ottawa, ON"
6903,way,264851419,45.4095268,-75.6553506,,1535,Alta Vista Drive,apartments,"1535 Alta vista drive, Ottawa, ON","1535 Alta vista drive, Ottawa, ON"
881,way,68609564,45.3799029,-75.7729553,,851,Richmond Road,apartments,"851 Richmond road, Ottawa, ON","851 Richmond road, Ottawa, ON"
145648,way,479756443,45.4316997,-75.6514579,,370,McArthur Avenue,apartments,"370 Mcarthur avenue, Ottawa, ON","370 Mcarthur avenue, Ottawa, ON"
166582,way,483073867,45.4344888,-75.5591242,,2767,Innes Road,apartments,"2767 Innes road, Ottawa, ON","2767 Innes road, Ottawa, ON"
153685,way,481375200,45.4367818,-75.6710956,,9,Lenore Place,apartments,"9 Lenore place, Ottawa, ON","9 Lenore place, Ottawa, ON"
4645,way,238897900,45.3555652,-75.7547955,,1795,Baseline Road,apartments,"1795 Baseline road, Ottawa, ON","1795 Baseline road, Ottawa, ON"
87153,way,472269776,45.3422896,-75.7876722,,1310,McWatters Road,apartments,"1310 Mcwatters road, Ottawa, ON","1310 Mcwatters road, Ottawa, ON"
2032,way,131639574,45.4176207,-75.6947742,,258,Lisgar Street,apartments,"258 Lisgar street, Ottawa, ON","258 Lisgar street, Ottawa, ON"
247288,way,584078114,45.4340397,-75.6911229,,228,Bruyère Street,apartments,"228 Bruyère street, Ottawa, ON","228 Bruyère street, Ottawa, ON"
6801,way,264390499,45.4166895,-75.7091129,,100,Bronson Avenue,apartments,"100 Bronson avenue, Ottawa, ON","100 Bronson avenue, Ottawa, ON"
280436,way,619212460,45.4386833,-75.6790647,,325,Crichton Street,apartments,"325 Crichton street, Ottawa, ON","325 Crichton street, Ottawa, ON"
880,way,68609562,45.3962841,-75.7545839,,31,Van Lang Private,apartments,"31 Van lang private, Ottawa, ON","31 Van lang private, Ottawa, ON"
18971,way,459070442,45.4343917,-75.6925928,,169,Cumberland Street,apartments,"169 Cumberland street, Ottawa, ON","169 Cumberland street, Ottawa, ON"
159130,way,482474420,45.3461732,-75.6616895,,3528,Downpatrick Road,apartments,"3528 Downpatrick road, Ottawa, ON","3528 Downpatrick road, Ottawa, ON"
236136,way,578964703,45.3868056,-75.7457429,,599,Tweedsmuir Avenue,apartments,"599 Tweedsmuir avenue, Ottawa, ON","599 Tweedsmuir avenue, Ottawa, ON"
5870,way,257697626,45.4182318,-75.6889485,,120,Somerset Street West,apartments,"120 Somerset street west, Ottawa, ON","120 Somerset street west, Ottawa, ON"
4608,way,238089069,45.3806724,-75.7400342,,1422,Coldrey Avenue,apartments,"1422 Coldrey avenue, Ottawa, ON","1422 Coldrey avenue, Ottawa, ON"
284859,way,625683068,45.3510912,-75.8082093,,28 A,Bayshore Drive,apartments,"28 A Bayshore drive, Ottawa, ON","28 A Bayshore drive, Ottawa, ON"
146160,way,479758322,45.4410874,-75.6594564,,196,Ste-Anne Avenue,apartments,"196 Ste-anne avenue, Ottawa, ON","196 Ste-anne avenue, Ottawa, ON"
7664,way,300976022,45.4274913,-75.6633344,,133,Donald Street,apartments,"133 Donald street, Ottawa, ON","133 Donald street, Ottawa, ON"
290277,way,686007422,45.3146248,-75.9386843,,190,Boundstone Way,apartments,"190 Boundstone way, Ottawa, ON","190 Boundstone way, Ottawa, ON"
136401,way,478631099,45.4370988,-75.6722697,,24,Lenore Place,apartments,"24 Lenore place, Ottawa, ON","24 Lenore place, Ottawa, ON"
7715,way,303066891,45.3628636,-75.7427929,,1328,Maitland Avenue,apartments,"1328 Maitland avenue, Ottawa, ON","1328 Maitland avenue, Ottawa, ON"
136505,way,478631208,45.4412792,-75.6701214,,32,Marier Avenue,apartments,"32 Marier avenue, Ottawa, ON","32 Marier avenue, Ottawa, ON"
260047,way,607815491,45.2884718,-75.8631741,,214,Equestrian Drive,apartments,"214 Equestrian drive, Ottawa, ON","214 Equestrian drive, Ottawa, ON"
2218,way,154350104,45.4017647,-75.7265868,,1140,Wellington Street West,apartments,"1140 Wellington street west, Ottawa, ON","1140 Wellington street west, Ottawa, ON"
14147,way,390158760,45.4024519,-75.7199542,,112,Spadina Avenue,apartments,"112 Spadina avenue, Ottawa, ON","112 Spadina avenue, Ottawa, ON"
223043,way,568011055,45.3624048,-75.7287415,,30,Northview Road,apartments,"30 Northview road, Ottawa, ON","30 Northview road, Ottawa, ON"
6982,way,266855764,45.3808913,-75.7270333,,1196,Shillington Avenue,apartments,"1196 Shillington avenue, Ottawa, ON","1196 Shillington avenue, Ottawa, ON"
892,way,68609634,45.4007429,-75.7519788,,195,Clearview Avenue,apartments,"195 Clearview avenue, Ottawa, ON","195 Clearview avenue, Ottawa, ON"
2457,way,161322157,45.386391,-75.7425709,,188,Macy Boulevard,apartments,"188 Macy boulevard, Ottawa, ON","188 Macy boulevard, Ottawa, ON"
247305,way,584078131,45.4324772,-75.6908588,,204,Guigues Avenue,apartments,"204 Guigues avenue, Ottawa, ON","204 Guigues avenue, Ottawa, ON"
6029,way,258419320,45.4161554,-75.6995981,,235,Kent Street,apartments,"235 Kent street, Ottawa, ON","235 Kent street, Ottawa, ON"
14866,way,421863908,45.2797894,-75.7591836,,8,Sweetbriar Circle,apartments,"8 Sweetbriar circle, Ottawa, ON","8 Sweetbriar circle, Ottawa, ON"
117082,way,473344658,45.356002,-75.794972,,894,Watson Street,apartments,"894 Watson street, Ottawa, ON","894 Watson street, Ottawa, ON"
206586,way,549603610,45.4033761,-75.7037748,,287,Bell Street South,apartments,"287 Bell street south, Ottawa, ON","287 Bell street south, Ottawa, ON"
5873,way,257710224,45.4138029,-75.686112,,79,Park Avenue,apartments,"79 Park avenue, Ottawa, ON","79 Park avenue, Ottawa, ON"
145665,way,479756509,45.432756,-75.650229,,378,Belisle Street,apartments,"378 Belisle street, Ottawa, ON","378 Belisle street, Ottawa, ON"
330,way,68586136,45.388631,-75.6306946,,830,Canterbury Avenue,apartments,"830 Canterbury avenue, Ottawa, ON","830 Canterbury avenue, Ottawa, ON"
250661,way,586637693,45.3525459,-75.8067273,,21,Bayshore Drive,apartments,"21 Bayshore drive, Ottawa, ON","21 Bayshore drive, Ottawa, ON"
237483,way,579951369,45.3173963,-75.5928133,,361,Wood Acres Grove,apartments,"361 Wood acres grove, Ottawa, ON","361 Wood acres grove, Ottawa, ON"
69684,way,471897733,45.313921,-75.9372085,,180,Guelph Private,apartments,"180 Guelph private, Ottawa, ON","180 Guelph private, Ottawa, ON"
7176,way,287530451,45.407451,-75.6577864,,1556,Dorion Avenue,apartments,"1556 Dorion avenue, Ottawa, ON","1556 Dorion avenue, Ottawa, ON"
5881,way,257710440,45.4158696,-75.6872894,,188,Waverley Street,apartments,"188 Waverley street, Ottawa, ON","188 Waverley street, Ottawa, ON"
2029,way,131639562,45.4176055,-75.6937568,,297,Cooper Street,apartments,"297 Cooper street, Ottawa, ON","297 Cooper street, Ottawa, ON"
284857,way,625683066,45.3509065,-75.8080753,,28 D,Bayshore Drive,apartments,"28 D Bayshore drive, Ottawa, ON","28 D Bayshore drive, Ottawa, ON"
155090,way,481677825,45.4101854,-75.6843915,,19,Strathcona Avenue,apartments,"19 Strathcona avenue, Ottawa, ON","19 Strathcona avenue, Ottawa, ON"
227066,way,570545881,45.3505555,-75.7685814,,2112,Westbury Road,apartments,"2112 Westbury road, Ottawa, ON","2112 Westbury road, Ottawa, ON"
289864,way,671931727,45.3830972,-75.7340704,,1290,Coldrey Avenue,apartments,"1290 Coldrey avenue, Ottawa, ON","1290 Coldrey avenue, Ottawa, ON"
6979,way,266680999,45.4145085,-75.6947336,,379,Gilmour Street,apartments,"379 Gilmour street, Ottawa, ON","379 Gilmour street, Ottawa, ON"
7918,way,307096507,45.3741768,-75.7323984,,1171,Merivale Road,apartments,"1171 Merivale road, Ottawa, ON","1171 Merivale road, Ottawa, ON"
5428,way,251834024,45.3809519,-75.7384279,,880,Kirkwood Avenue,apartments,"880 Kirkwood avenue, Ottawa, ON","880 Kirkwood avenue, Ottawa, ON"
4489,way,237159481,45.3811711,-75.748608,,726,Edison Avenue,apartments,"726 Edison avenue, Ottawa, ON","726 Edison avenue, Ottawa, ON"
42033,way,470811216,45.2997401,-75.9014727,,110,McCurdy Drive,apartments,"110 Mccurdy drive, Ottawa, ON","110 Mccurdy drive, Ottawa, ON"
18841,way,458600993,45.4330225,-75.694433,,167,Dalhousie Street,apartments,"167 Dalhousie street, Ottawa, ON","167 Dalhousie street, Ottawa, ON"
281028,way,620209991,45.4064248,-75.7133346,,170,Preston Street,apartments,"170 Preston street, Ottawa, ON","170 Preston street, Ottawa, ON"
290602,way,686132677,45.2687815,-75.890045,,300,Jatoba Private,apartments,"300 Jatoba private, Ottawa, ON","300 Jatoba private, Ottawa, ON"
288826,way,640413890,45.4327253,-75.6915548,,234,Cumberland Street,apartments,"234 Cumberland street, Ottawa, ON","234 Cumberland street, Ottawa, ON"
3583,way,222906205,45.411774,-75.6888675,,160,Argyle Avenue,apartments,"160 Argyle avenue, Ottawa, ON","160 Argyle avenue, Ottawa, ON"
6814,way,264397148,45.4193432,-75.6893875,,131,Cooper Street,apartments,"131 Cooper street, Ottawa, ON","131 Cooper street, Ottawa, ON"
235153,way,578280454,45.3445592,-75.7252599,,212,Viewmount Drive,apartments,"212 Viewmount drive, Ottawa, ON","212 Viewmount drive, Ottawa, ON"
144274,way,479739540,45.4400039,-75.6609242,,211,Bradley Avenue,apartments,"211 Bradley avenue, Ottawa, ON","211 Bradley avenue, Ottawa, ON"
280536,way,619271487,45.4328516,-75.6927968,,169,St. Andrew Street,apartments,"169 St. andrew street, Ottawa, ON","169 St. andrew street, Ottawa, ON"
49729,way,471142996,45.4721699,-75.454139,,90,Briargate Private,apartments,"90 Briargate private, Ottawa, ON","90 Briargate private, Ottawa, ON"
192090,way,542178114,45.3336465,-75.7964267,,55,Gladecrest Court,apartments,"55 Gladecrest court, Ottawa, ON","55 Gladecrest court, Ottawa, ON"
220586,way,565631973,45.2892198,-75.7278119,,192,Springbeauty Avenue,apartments,"192 Springbeauty avenue, Ottawa, ON","192 Springbeauty avenue, Ottawa, ON"
7599,way,295428640,45.413884,-75.68172,,145,Echo Drive,apartments,"145 Echo drive, Ottawa, ON","145 Echo drive, Ottawa, ON"
1466,way,68710368,45.4145772,-75.6713323,,170,Lees Avenue,apartments,"170 Lees avenue, Ottawa, ON","170 Lees avenue, Ottawa, ON"
118738,way,473994923,45.3593231,-75.7177238,,28,Hogan Street,apartments,"28 Hogan street, Ottawa, ON","28 Hogan street, Ottawa, ON"
141257,way,479048170,45.4222504,-75.6625962,,90,West Presland Road,apartments,"90 West presland road, Ottawa, ON","90 West presland road, Ottawa, ON"
144543,way,479739853,45.4401794,-75.658538,,318,Joffre-Bélanger Way,apartments,"318 Joffre-bélanger way, Ottawa, ON","318 Joffre-bélanger way, Ottawa, ON"
135,way,55448862,45.426193,-75.6872668,,60,Daly Avenue,apartments,"60 Daly avenue, Ottawa, ON","60 Daly avenue, Ottawa, ON"
6164,way,259284310,45.3927202,-75.7538073,,381,Churchill Avenue North,apartments,"381 Churchill avenue north, Ottawa, ON","381 Churchill avenue north, Ottawa, ON"
64539,way,471797714,45.2733511,-75.9295105,,1111,Stittsville Main Street,apartments,"1111 Stittsville main street, Ottawa, ON","1111 Stittsville main street, Ottawa, ON"
2575,way,167409899,45.4171649,-75.698906,,215,Nepean Street,apartments,"215 Nepean street, Ottawa, ON","215 Nepean street, Ottawa, ON"
247299,way,584078125,45.4327047,-75.6895156,,208,King Edward Avenue,apartments,"208 King edward avenue, Ottawa, ON","208 King edward avenue, Ottawa, ON"
145713,way,479756563,45.4340512,-75.6516724,,408,Blake Boulevard,apartments,"408 Blake boulevard, Ottawa, ON","408 Blake boulevard, Ottawa, ON"
280018,way,618716611,45.4369006,-75.655668,,298,Lafontaine Avenue,apartments,"298 Lafontaine avenue, Ottawa, ON","298 Lafontaine avenue, Ottawa, ON"
3745,way,231159193,45.4318907,-75.6930912,,139,Guigues Avenue,apartments,"139 Guigues avenue, Ottawa, ON","139 Guigues avenue, Ottawa, ON"
7957,way,307098895,45.383639,-75.7468607,,301,Irene Crescent,apartments,"301 Irene crescent, Ottawa, ON","301 Irene crescent, Ottawa, ON"
155355,way,481678257,45.4084892,-75.6805785,,373,Echo Drive,apartments,"373 Echo drive, Ottawa, ON","373 Echo drive, Ottawa, ON"
154325,way,481444292,45.3617821,-75.7863087,,837,Norton Avenue,apartments,"837 Norton avenue, Ottawa, ON","837 Norton avenue, Ottawa, ON"
143605,way,479521660,45.4219676,-75.6751217,,208,Russell Avenue,apartments,"208 Russell avenue, Ottawa, ON","208 Russell avenue, Ottawa, ON"
150650,way,480204526,45.4335539,-75.6536281,,11,Eastwood Place,apartments,"11 Eastwood place, Ottawa, ON","11 Eastwood place, Ottawa, ON"
230576,way,574604660,45.276939,-75.8880669,,210,Livery Street,apartments,"210 Livery street, Ottawa, ON","210 Livery street, Ottawa, ON"
284870,way,625683079,45.3512369,-75.8078476,,30 B,Bayshore Drive,apartments,"30 B Bayshore drive, Ottawa, ON","30 B Bayshore drive, Ottawa, ON"
279883,way,618611877,45.3246501,-75.8947436,,2,The Parkway,apartments,"2 The parkway, Ottawa, ON","2 The parkway, Ottawa, ON"
141035,way,479047873,45.4227031,-75.6565013,,230,Presland Road,apartments,"230 Presland road, Ottawa, ON","230 Presland road, Ottawa, ON"
155486,way,481782813,45.4144845,-75.6885469,,205,Gladstone Avenue,apartments,"205 Gladstone avenue, Ottawa, ON","205 Gladstone avenue, Ottawa, ON"
8028,way,307251316,45.4228706,-75.6553064,,250,Presland Road,apartments,"250 Presland road, Ottawa, ON","250 Presland road, Ottawa, ON"
19598,way,460206592,45.4179178,-75.6670601,,20,Robinson Avenue,apartments,"20 Robinson avenue, Ottawa, ON","20 Robinson avenue, Ottawa, ON"
231592,way,575167857,45.3533547,-75.9331715,,72-78,Argent Private,apartments,"72-78 Argent private, Ottawa, ON","72-78 Argent private, Ottawa, ON"
5479,way,252992443,45.4315247,-75.6897077,,211,Murray Street,apartments,"211 Murray street, Ottawa, ON","211 Murray street, Ottawa, ON"
4325,way,236327930,45.3750289,-75.7603355,,800,McKellar Avenue,apartments,"800 Mckellar avenue, Ottawa, ON","800 Mckellar avenue, Ottawa, ON"
149099,way,479919515,45.361635,-75.7156566,,1161,Meadowlands Drive East,apartments,"1161 Meadowlands drive east, Ottawa, ON","1161 Meadowlands drive east, Ottawa, ON"
5123,way,247835878,45.3509633,-75.808173,,28 C,Bayshore Drive,apartments,"28 C Bayshore drive, Ottawa, ON","28 C Bayshore drive, Ottawa, ON"
8504,way,312864566,45.3533257,-75.9336727,,18-24,Argent Private,apartments,"18-24 Argent private, Ottawa, ON","18-24 Argent private, Ottawa, ON"
8565,way,313476532,45.3828842,-75.6731742,,1157,Rockingham Avenue,apartments,"1157 Rockingham avenue, Ottawa, ON","1157 Rockingham avenue, Ottawa, ON"
7898,way,307095808,45.3749259,-75.7357254,,1435,Morisset Avenue,apartments,"1435 Morisset avenue, Ottawa, ON","1435 Morisset avenue, Ottawa, ON"
4158,way,233902459,45.3516153,-75.8341097,,2 B,Crystal Beach Drive,apartments,"2 B Crystal beach drive, Ottawa, ON","2 B Crystal beach drive, Ottawa, ON"
64890,way,471807088,45.4533432,-75.48473,,185,Bluestone Private,apartments,"185 Bluestone private, Ottawa, ON","185 Bluestone private, Ottawa, ON"
136460,way,478631160,45.4408004,-75.6631586,,255,St-Denis Street,apartments,"255 St-denis street, Ottawa, ON","255 St-denis street, Ottawa, ON"
144285,way,479739551,45.4388514,-75.65881,,233,Ste-Anne Avenue,apartments,"233 Ste-anne avenue, Ottawa, ON","233 Ste-anne avenue, Ottawa, ON"
154309,way,481444276,45.3618482,-75.786995,,832,Norton Avenue,apartments,"832 Norton avenue, Ottawa, ON","832 Norton avenue, Ottawa, ON"
253,way,60932552,45.3652997,-75.7807817,,2400,Carling Avenue,apartments,"2400 Carling avenue, Ottawa, ON","2400 Carling avenue, Ottawa, ON"
117083,way,473344659,45.3559025,-75.7949165,,898,Watson Street,apartments,"898 Watson street, Ottawa, ON","898 Watson street, Ottawa, ON"
192086,way,542178110,45.3335991,-75.7957275,,45,Gladecrest Court,apartments,"45 Gladecrest court, Ottawa, ON","45 Gladecrest court, Ottawa, ON"
478,way,68587391,45.3689976,-75.6848552,,790,Springland Drive,apartments,"790 Springland drive, Ottawa, ON","790 Springland drive, Ottawa, ON"
144412,way,479739712,45.4390424,-75.662008,,267,Montfort Street,apartments,"267 Montfort street, Ottawa, ON","267 Montfort street, Ottawa, ON"
469,way,68587106,45.4020502,-75.6652133,,1755,Frobisher Lane,apartments,"1755 Frobisher lane, Ottawa, ON","1755 Frobisher lane, Ottawa, ON"
294910,way,727341209,45.4101526,-75.6911917,,203,Catherine Street,apartments,"203 Catherine street, Ottawa, ON","203 Catherine street, Ottawa, ON"
247016,way,584077737,45.4350502,-75.6917166,,267,Cathcart Street,apartments,"267 Cathcart street, Ottawa, ON","267 Cathcart street, Ottawa, ON"
4354,way,236482693,45.4066603,-75.7222744,,959,Wellington Street West,apartments,"959 Wellington street west, Ottawa, ON","959 Wellington street west, Ottawa, ON"
4607,way,238089068,45.3804448,-75.7400798,,1428,Coldrey Avenue,apartments,"1428 Coldrey avenue, Ottawa, ON","1428 Coldrey avenue, Ottawa, ON"
4401,way,237101293,45.3936911,-75.7439251,,288,Byron Avenue,apartments,"288 Byron avenue, Ottawa, ON","288 Byron avenue, Ottawa, ON"
42660,way,470836228,45.2727314,-75.7080023,,58,Barnstone Drive,apartments,"58 Barnstone drive, Ottawa, ON","58 Barnstone drive, Ottawa, ON"
1993,way,131639123,45.4178868,-75.6961559,,190,O'Connor Street,apartments,"190 O'connor street, Ottawa, ON","190 O'connor street, Ottawa, ON"
288635,way,638281701,45.4340156,-75.653565,,372,Blake Boulevard,apartments,"372 Blake boulevard, Ottawa, ON","372 Blake boulevard, Ottawa, ON"
192121,way,543217640,45.4130858,-75.6858161,,55,Argyle Avenue,apartments,"55 Argyle avenue, Ottawa, ON","55 Argyle avenue, Ottawa, ON"
20002,way,460669840,45.4344316,-75.668384,,59,Mark Avenue,apartments,"59 Mark avenue, Ottawa, ON","59 Mark avenue, Ottawa, ON"
281449,way,620485307,45.4077667,-75.7070259,,103,Ron Kolbus Private,apartments,"103 Ron kolbus private, Ottawa, ON","103 Ron kolbus private, Ottawa, ON"
287231,way,631413275,45.3945411,-75.7154662,,263,Botanica Private,apartments,"263 Botanica private, Ottawa, ON","263 Botanica private, Ottawa, ON"
50,way,31813288,45.4151144,-75.6975579,,395,Somerset Street West,apartments,"395 Somerset street west, Ottawa, ON","395 Somerset street west, Ottawa, ON"
248594,way,584928656,45.3680323,-75.6850513,,740,Springland Drive,apartments,"740 Springland drive, Ottawa, ON","740 Springland drive, Ottawa, ON"
18754,way,458187838,45.4314403,-75.6868839,,272,Clarence Street,apartments,"272 Clarence street, Ottawa, ON","272 Clarence street, Ottawa, ON"
249052,way,585009393,45.4249239,-75.6780112,,190,Osgoode Street,apartments,"190 Osgoode street, Ottawa, ON","190 Osgoode street, Ottawa, ON"
263881,way,613970456,45.2777007,-75.6777857,,1069,Beryl Private,apartments,"1069 Beryl private, Ottawa, ON","1069 Beryl private, Ottawa, ON"
18714,way,458182153,45.4327206,-75.6901596,,234,Guigues Avenue,apartments,"234 Guigues avenue, Ottawa, ON","234 Guigues avenue, Ottawa, ON"
4549,way,237731513,45.4062169,-75.7320501,,201,Parkdale Avenue,apartments,"201 Parkdale avenue, Ottawa, ON","201 Parkdale avenue, Ottawa, ON"
107525,way,473078437,45.3522896,-75.6286962,,3064,Councillor's Way,apartments,"3064 Councillor's way, Ottawa, ON","3064 Councillor's way, Ottawa, ON"
144055,way,479538550,45.424977,-75.643401,,500,Prince Albert Street,apartments,"500 Prince albert street, Ottawa, ON","500 Prince albert street, Ottawa, ON"
4804,way,242714989,45.3990109,-75.6991129,,7,Kippewa Drive,apartments,"7 Kippewa drive, Ottawa, ON","7 Kippewa drive, Ottawa, ON"
255179,way,596706571,45.4091727,-75.6526091,,1438,Station Boulevard,apartments,"1438 Station boulevard, Ottawa, ON","1438 Station boulevard, Ottawa, ON"
57836,way,471316521,45.2844197,-75.7109359,,155,Crestway Drive,apartments,"155 Crestway drive, Ottawa, ON","155 Crestway drive, Ottawa, ON"
126741,way,474458519,45.4012986,-75.6869172,,31,Regent Street,apartments,"31 Regent street, Ottawa, ON","31 Regent street, Ottawa, ON"
8624,way,315254741,45.3906686,-75.6786592,,565,Riverdale Avenue,apartments,"565 Riverdale avenue, Ottawa, ON","565 Riverdale avenue, Ottawa, ON"
227657,way,571867926,45.4305535,-75.6592229,,378,Crete Place,apartments,"378 Crete place, Ottawa, ON","378 Crete place, Ottawa, ON"
1876,way,89174263,45.4296707,-75.6885377,,180,York Street,apartments,"180 York street, Ottawa, ON","180 York street, Ottawa, ON"
5625,way,255325213,45.4317463,-75.6751854,,429,Daly Avenue,apartments,"429 Daly avenue, Ottawa, ON","429 Daly avenue, Ottawa, ON"
19858,way,460432541,45.4448026,-75.648142,,505,St-Laurent Boulevard,apartments,"505 St-laurent boulevard, Ottawa, ON","505 St-laurent boulevard, Ottawa, ON"
5553,way,255234682,45.4292483,-75.6791584,,255,Stewart Street,apartments,"255 Stewart street, Ottawa, ON","255 Stewart street, Ottawa, ON"
114875,way,473220390,45.4404357,-75.5948727,,2017,Jasmine Crescent,apartments,"2017 Jasmine crescent, Ottawa, ON","2017 Jasmine crescent, Ottawa, ON"
117566,way,473666594,45.3500647,-75.7697336,,2136,Westbury Road,apartments,"2136 Westbury road, Ottawa, ON","2136 Westbury road, Ottawa, ON"
150901,way,480204910,45.4353238,-75.6520183,,411,Pie-XII Street,apartments,"411 Pie-xii street, Ottawa, ON","411 Pie-xii street, Ottawa, ON"
263885,way,613970461,45.2779943,-75.6773534,,3791,Canyon Walk Drive,apartments,"3791 Canyon walk drive, Ottawa, ON","3791 Canyon walk drive, Ottawa, ON"
227660,way,571867929,45.4315973,-75.6531209,,380,Irwin Miller Street,apartments,"380 Irwin miller street, Ottawa, ON","380 Irwin miller street, Ottawa, ON"
247058,way,584077782,45.4314894,-75.6839607,,104,Little London Private,apartments,"104 Little london private, Ottawa, ON","104 Little london private, Ottawa, ON"
1287,way,68661067,45.4027791,-75.6920783,,268,First Avenue,apartments,"268 First avenue, Ottawa, ON","268 First avenue, Ottawa, ON"
239328,way,580989837,45.4346965,-75.6529063,,384,Richelieu Avenue,apartments,"384 Richelieu avenue, Ottawa, ON","384 Richelieu avenue, Ottawa, ON"
18546,way,453302890,45.4269801,-75.6639528,,98,Donald Street,apartments,"98 Donald street, Ottawa, ON","98 Donald street, Ottawa, ON"
2152,way,152674553,45.4333876,-75.675382,,595,Rideau Street,apartments,"595 Rideau street, Ottawa, ON","595 Rideau street, Ottawa, ON"
6831,way,264415448,45.4315992,-75.6729393,,400,Stewart Street,apartments,"400 Stewart street, Ottawa, ON","400 Stewart street, Ottawa, ON"
13394,way,388806112,45.3809356,-75.7691725,,568,Redwood Avenue,apartments,"568 Redwood avenue, Ottawa, ON","568 Redwood avenue, Ottawa, ON"
2115,way,147574090,45.3711678,-75.7822775,,96,McEwen Avenue,apartments,"96 Mcewen avenue, Ottawa, ON","96 Mcewen avenue, Ottawa, ON"
288660,way,638327773,45.42248,-75.6814785,,99,Louis-Pasteur Private,apartments,"99 Louis-pasteur private, Ottawa, ON","99 Louis-pasteur private, Ottawa, ON"
5559,way,255234688,45.4257593,-75.6824137,,201,Laurier Avenue East,apartments,"201 Laurier avenue east, Ottawa, ON","201 Laurier avenue east, Ottawa, ON"
271230,way,615381081,45.3825324,-75.6719497,,1180,Rockingham Avenue,apartments,"1180 Rockingham avenue, Ottawa, ON","1180 Rockingham avenue, Ottawa, ON"
6035,way,258419364,45.4114336,-75.6926853,,360,McLeod Street,apartments,"360 Mcleod street, Ottawa, ON","360 Mcleod street, Ottawa, ON"
113612,way,473202463,45.4257129,-75.6038569,,1400,Appleton Drive,apartments,"1400 Appleton drive, Ottawa, ON","1400 Appleton drive, Ottawa, ON"
8452,way,309856700,45.382587,-75.73941,,830,Kirkwood Avenue,apartments,"830 Kirkwood avenue, Ottawa, ON","830 Kirkwood avenue, Ottawa, ON"
151058,way,480205116,45.4305914,-75.6552229,,396,Carmen Avenue,apartments,"396 Carmen avenue, Ottawa, ON","396 Carmen avenue, Ottawa, ON"
153420,way,481367261,45.4154509,-75.6795966,,130,Greenfield Avenue,apartments,"130 Greenfield avenue, Ottawa, ON","130 Greenfield avenue, Ottawa, ON"
35039,way,470376853,45.2004809,-75.8301785,,5931,Perth Street,apartments,"5931 Perth street, Ottawa, ON","5931 Perth street, Ottawa, ON"
7644,way,300547819,45.4358904,-75.644611,,555,Côté Street,apartments,"555 Côté street, Ottawa, ON","555 Côté street, Ottawa, ON"
205906,way,549072490,45.3966492,-75.7125995,,103,Applegate Private,apartments,"103 Applegate private, Ottawa, ON","103 Applegate private, Ottawa, ON"
2189,way,153026588,45.3966453,-75.7440319,,101,Richmond Road,apartments,"101 Richmond road, Ottawa, ON","101 Richmond road, Ottawa, ON"
9967,way,338036386,45.3836273,-75.7349128,,1292,Thames Street,apartments,"1292 Thames street, Ottawa, ON","1292 Thames street, Ottawa, ON"
1491,way,68850681,45.3762831,-75.7350927,,1400,Lepage Avenue,apartments,"1400 Lepage avenue, Ottawa, ON","1400 Lepage avenue, Ottawa, ON"
18577,way,456273781,45.4198103,-75.6720878,,204,Wiggins Private,apartments,"204 Wiggins private, Ottawa, ON","204 Wiggins private, Ottawa, ON"
5437,way,251834035,45.3815676,-75.7379996,,1382,Coldrey Avenue,apartments,"1382 Coldrey avenue, Ottawa, ON","1382 Coldrey avenue, Ottawa, ON"
7027,way,273619271,45.4254871,-75.6270782,,705,Beauparc Private,apartments,"705 Beauparc private, Ottawa, ON","705 Beauparc private, Ottawa, ON"
150628,way,480204493,45.4302195,-75.6523795,,391,Irwin Miller Street,apartments,"391 Irwin miller street, Ottawa, ON","391 Irwin miller street, Ottawa, ON"
6734,way,264164462,45.4196279,-75.689918,,108,Lisgar Street,apartments,"108 Lisgar street, Ottawa, ON","108 Lisgar street, Ottawa, ON"
7178,way,287531204,45.4071593,-75.658614,,1609,Alta Vista Drive,apartments,"1609 Alta vista drive, Ottawa, ON","1609 Alta vista drive, Ottawa, ON"
5871,way,257710222,45.4136666,-75.6865002,,417,Elgin Street,apartments,"417 Elgin street, Ottawa, ON","417 Elgin street, Ottawa, ON"
167106,way,483090228,45.3497349,-75.6445732,,2750,Carousel Crescent,apartments,"2750 Carousel crescent, Ottawa, ON","2750 Carousel crescent, Ottawa, ON"
10704,way,364799990,45.4089568,-75.6420979,,619,Chadburn Avenue,apartments,"619 Chadburn avenue, Ottawa, ON","619 Chadburn avenue, Ottawa, ON"
11110,way,374078122,45.3977272,-75.6187382,,2100,Russell Road,apartments,"2100 Russell road, Ottawa, ON","2100 Russell road, Ottawa, ON"
3532,way,213261470,45.3621016,-75.7957158,,368,Zephyr Avenue,apartments,"368 Zephyr avenue, Ottawa, ON","368 Zephyr avenue, Ottawa, ON"
5550,way,255234679,45.4297466,-75.6749095,,474,Wilbrod Street,apartments,"474 Wilbrod street, Ottawa, ON","474 Wilbrod street, Ottawa, ON"
8576,way,313912784,45.379562,-75.73043,,1000,Silver Street,apartments,"1000 Silver street, Ottawa, ON","1000 Silver street, Ottawa, ON"
244575,way,583394676,45.4416869,-75.629688,,706,Carson's Road,apartments,"706 Carson's road, Ottawa, ON","706 Carson's road, Ottawa, ON"
462,way,68587055,45.3711465,-75.6520684,,2995,Albion Road North,apartments,"2995 Albion road north, Ottawa, ON","2995 Albion road north, Ottawa, ON"
147587,way,479797698,45.4050784,-75.6846794,,585,O'Connor Street,apartments,"585 O'connor street, Ottawa, ON","585 O'connor street, Ottawa, ON"
5435,way,251834033,45.3811934,-75.7384956,,874,Kirkwood Avenue,apartments,"874 Kirkwood avenue, Ottawa, ON","874 Kirkwood avenue, Ottawa, ON"
18884,way,458608778,45.4391561,-75.6815163,,275,Crichton Street,apartments,"275 Crichton street, Ottawa, ON","275 Crichton street, Ottawa, ON"
253430,way,590824989,45.3488174,-75.8119752,,131,Woodridge Crescent,apartments,"131 Woodridge crescent, Ottawa, ON","131 Woodridge crescent, Ottawa, ON"
6748,way,264198637,45.4115674,-75.6921231,,340,McLeod Street,apartments,"340 Mcleod street, Ottawa, ON","340 Mcleod street, Ottawa, ON"
2761,way,171579751,45.3821054,-75.7706288,,75,Cleary Avenue,apartments,"75 Cleary avenue, Ottawa, ON","75 Cleary avenue, Ottawa, ON"
239326,way,580989834,45.4349948,-75.6530952,,378,Richelieu Avenue,apartments,"378 Richelieu avenue, Ottawa, ON","378 Richelieu avenue, Ottawa, ON"
290148,way,682725940,45.2685556,-75.2937273,,300,Equinox Drive,apartments,"300 Equinox drive, Ottawa, ON","300 Equinox drive, Ottawa, ON"
153974,way,481435572,45.427522,-75.681202,,301,Wilbrod Street,apartments,"301 Wilbrod street, Ottawa, ON","301 Wilbrod street, Ottawa, ON"
2821,way,172333666,45.4144232,-75.6903665,,330,Metcalfe Street,apartments,"330 Metcalfe street, Ottawa, ON","330 Metcalfe street, Ottawa, ON"
120626,way,474026901,45.3624793,-75.7285757,,28,Northview Road,apartments,"28 Northview road, Ottawa, ON","28 Northview road, Ottawa, ON"
232166,way,575754235,45.4096007,-75.7043003,,337,James Street,apartments,"337 James street, Ottawa, ON","337 James street, Ottawa, ON"
260605,way,609304198,45.3608895,-75.7952917,,2750 A,Marie Street,apartments,"2750 A Marie street, Ottawa, ON","2750 A Marie street, Ottawa, ON"
126907,way,474458701,45.402261,-75.6856505,,66,Fifth Avenue,apartments,"66 Fifth avenue, Ottawa, ON","66 Fifth avenue, Ottawa, ON"
12417,way,384131637,45.4060271,-75.7308477,,217,Forward Avenue,apartments,"217 Forward avenue, Ottawa, ON","217 Forward avenue, Ottawa, ON"
181215,way,484371003,45.4642704,-75.5374635,101,6640,Notre-Dame Street,apartments,"101-6640 Notre-dame street, Ottawa, ON","6640 Notre-dame street, Ottawa, ON"
6880,way,264547976,45.4025167,-75.7023993,,470,Cambridge Street South,apartments,"470 Cambridge street south, Ottawa, ON","470 Cambridge street south, Ottawa, ON"
188425,way,484921476,45.342833,-75.758898,,9,Meridian Place,apartments,"9 Meridian place, Ottawa, ON","9 Meridian place, Ottawa, ON"
511,way,68587614,45.3641574,-75.7880733,,360,Croydon Avenue,apartments,"360 Croydon avenue, Ottawa, ON","360 Croydon avenue, Ottawa, ON"
206585,way,549603609,45.4034486,-75.7035231,,174,Plymouth Street,apartments,"174 Plymouth street, Ottawa, ON","174 Plymouth street, Ottawa, ON"
144893,way,479743375,45.3943302,-75.6828145,,278,Sunnyside Avenue,apartments,"278 Sunnyside avenue, Ottawa, ON","278 Sunnyside avenue, Ottawa, ON"
154313,way,481444280,45.3625175,-75.7867796,,813,Norton Avenue,apartments,"813 Norton avenue, Ottawa, ON","813 Norton avenue, Ottawa, ON"
4166,way,233902467,45.3520585,-75.8389402,,33,Elterwater Avenue,apartments,"33 Elterwater avenue, Ottawa, ON","33 Elterwater avenue, Ottawa, ON"
86823,way,472262868,45.4907808,-75.4962722,,60,Prestige Circle,apartments,"60 Prestige circle, Ottawa, ON","60 Prestige circle, Ottawa, ON"
290278,way,686007423,45.3151472,-75.9391286,,180,Boundstone Way,apartments,"180 Boundstone way, Ottawa, ON","180 Boundstone way, Ottawa, ON"
1795,way,69656489,45.4434993,-75.3428995,,2980,Colonial Road,apartments,"2980 Colonial road, Ottawa, ON","2980 Colonial road, Ottawa, ON"
205176,way,548797905,45.347441,-75.6606685,,934,Hunt Club Road,apartments,"934 Hunt club road, Ottawa, ON","934 Hunt club road, Ottawa, ON"
3754,way,231218290,45.4318924,-75.6939325,,200,Dalhousie Street,apartments,"200 Dalhousie street, Ottawa, ON","200 Dalhousie street, Ottawa, ON"
18735,way,458183128,45.4302051,-75.6898145,,180,Clarence Street,apartments,"180 Clarence street, Ottawa, ON","180 Clarence street, Ottawa, ON"
2035,way,131640989,45.4169328,-75.6941586,,322,Cooper Street,apartments,"322 Cooper street, Ottawa, ON","322 Cooper street, Ottawa, ON"
64904,way,471807112,45.4538675,-75.4843178,,2210,Tenth Line Road,apartments,"2210 Tenth line road, Ottawa, ON","2210 Tenth line road, Ottawa, ON"
247263,way,584078085,45.4321696,-75.6901806,,331,St. Patrick Street,apartments,"331 St. patrick street, Ottawa, ON","331 St. patrick street, Ottawa, ON"
247112,way,584077842,45.4309162,-75.6770331,,383,Daly Avenue,apartments,"383 Daly avenue, Ottawa, ON","383 Daly avenue, Ottawa, ON"
136590,way,478631296,45.4390132,-75.6708289,,71,St-Charles Street,apartments,"71 St-charles street, Ottawa, ON","71 St-charles street, Ottawa, ON"
287414,way,632236884,45.4279069,-75.6801754,,325,Wilbrod Street,apartments,"325 Wilbrod street, Ottawa, ON","325 Wilbrod street, Ottawa, ON"
144057,way,479538558,45.4249551,-75.6439064,,486,Prince Albert Street,apartments,"486 Prince albert street, Ottawa, ON","486 Prince albert street, Ottawa, ON"
7722,way,303067070,45.36096,-75.7441819,,1311,Henry Farm Drive,apartments,"1311 Henry farm drive, Ottawa, ON","1311 Henry farm drive, Ottawa, ON"
151664,way,481057319,45.3946511,-75.7507421,,356,Tweedsmuir Avenue,apartments,"356 Tweedsmuir avenue, Ottawa, ON","356 Tweedsmuir avenue, Ottawa, ON"
146153,way,479758315,45.4417877,-75.6625751,,170,Lavergne Street,apartments,"170 Lavergne street, Ottawa, ON","170 Lavergne street, Ottawa, ON"
691,way,68607838,45.3334167,-75.7999179,,80,Sandcastle Drive,apartments,"80 Sandcastle drive, Ottawa, ON","80 Sandcastle drive, Ottawa, ON"
280444,way,619212473,45.4427366,-75.6747774,,61,Commanda Way,apartments,"61 Commanda way, Ottawa, ON","61 Commanda way, Ottawa, ON"
156120,way,481816949,45.4179655,-75.688584,,135,MacLaren Street,apartments,"135 Maclaren street, Ottawa, ON","135 Maclaren street, Ottawa, ON"
289686,way,669410211,45.3793921,-75.647021,,2822,Sandalwood Drive,apartments,"2822 Sandalwood drive, Ottawa, ON","2822 Sandalwood drive, Ottawa, ON"
1355,way,68662063,45.4347272,-75.6443505,,800,St-Laurent Boulevard,apartments,"800 St-laurent boulevard, Ottawa, ON","800 St-laurent boulevard, Ottawa, ON"
227832,way,572234915,45.3618361,-75.7173829,,1179,Meadowlands Drive East,apartments,"1179 Meadowlands drive east, Ottawa, ON","1179 Meadowlands drive east, Ottawa, ON"
6513,way,262705864,45.4799451,-75.5267819,,160,Montblanc Private,apartments,"160 Montblanc private, Ottawa, ON","160 Montblanc private, Ottawa, ON"
10661,way,363091525,45.3757732,-75.6519327,,2889,Cedarwood Drive,apartments,"2889 Cedarwood drive, Ottawa, ON","2889 Cedarwood drive, Ottawa, ON"
152916,way,481354283,45.4403679,-75.6564911,,209,Granville Street,apartments,"209 Granville street, Ottawa, ON","209 Granville street, Ottawa, ON"
280255,way,619191191,45.4401676,-75.6774999,,18,Schoolhouse Private,apartments,"18 Schoolhouse private, Ottawa, ON","18 Schoolhouse private, Ottawa, ON"
153597,way,481368467,45.4420775,-75.6565973,,175,Granville Street,apartments,"175 Granville street, Ottawa, ON","175 Granville street, Ottawa, ON"
170590,way,483291669,45.4535042,-75.5980655,,2373,Ogilvie Road,apartments,"2373 Ogilvie road, Ottawa, ON","2373 Ogilvie road, Ottawa, ON"
114272,way,473209706,45.3445108,-75.7219606,,224,Viewmount Drive,apartments,"224 Viewmount drive, Ottawa, ON","224 Viewmount drive, Ottawa, ON"
176120,way,483739472,45.4294483,-75.6406924,,976,St-Laurent Boulevard,apartments,"976 St-laurent boulevard, Ottawa, ON","976 St-laurent boulevard, Ottawa, ON"
102390,way,472669711,45.2893298,-75.8641179,,39,Stonehill Court,apartments,"39 Stonehill court, Ottawa, ON","39 Stonehill court, Ottawa, ON"
4597,way,238089058,45.3795019,-75.7401691,,1474,Coldrey Avenue,apartments,"1474 Coldrey avenue, Ottawa, ON","1474 Coldrey avenue, Ottawa, ON"
289822,way,670543713,45.3422679,-75.7635606,,188,Paseo Private,apartments,"188 Paseo private, Ottawa, ON","188 Paseo private, Ottawa, ON"
206490,way,549260035,45.3989371,-75.7079668,,65,Adeline Street,apartments,"65 Adeline street, Ottawa, ON","65 Adeline street, Ottawa, ON"
5470,way,252963684,45.4305609,-75.6910153,,162,Murray Street,apartments,"162 Murray street, Ottawa, ON","162 Murray street, Ottawa, ON"
217104,way,562632366,45.4532382,-75.4851514,,135,Bluestone Private,apartments,"135 Bluestone private, Ottawa, ON","135 Bluestone private, Ottawa, ON"
220397,way,565152405,45.3800514,-75.7329646,,999,Merivale Road,apartments,"999 Merivale road, Ottawa, ON","999 Merivale road, Ottawa, ON"
7963,way,307098911,45.3838174,-75.7446491,,684,Tweedsmuir Avenue,apartments,"684 Tweedsmuir avenue, Ottawa, ON","684 Tweedsmuir avenue, Ottawa, ON"
13391,way,388806109,45.3811151,-75.7694179,,560,Redwood Avenue,apartments,"560 Redwood avenue, Ottawa, ON","560 Redwood avenue, Ottawa, ON"
2169,way,152845567,45.4317094,-75.6668005,,50,Selkirk Street,apartments,"50 Selkirk street, Ottawa, ON","50 Selkirk street, Ottawa, ON"
281490,way,620505976,45.4226001,-75.6785277,,220,Somerset Street East,apartments,"220 Somerset street east, Ottawa, ON","220 Somerset street east, Ottawa, ON"
1374,way,68665176,45.4301131,-75.6630518,,158 B,McArthur Avenue,apartments,"158 B Mcarthur avenue, Ottawa, ON","158 B Mcarthur avenue, Ottawa, ON"
6028,way,258419186,45.4182239,-75.6992964,,324,Laurier Avenue West,apartments,"324 Laurier avenue west, Ottawa, ON","324 Laurier avenue west, Ottawa, ON"
263673,way,613826663,45.4104189,-75.6919113,,258,Argyle Avenue,apartments,"258 Argyle avenue, Ottawa, ON","258 Argyle avenue, Ottawa, ON"
7944,way,307097185,45.3774957,-75.7329323,,1077,Merivale Road,apartments,"1077 Merivale road, Ottawa, ON","1077 Merivale road, Ottawa, ON"
5508,way,254648791,45.3421919,-75.7585047,,7,Meridian Place,apartments,"7 Meridian place, Ottawa, ON","7 Meridian place, Ottawa, ON"
6867,way,264546082,45.4085973,-75.7103627,,314,Booth Street,apartments,"314 Booth street, Ottawa, ON","314 Booth street, Ottawa, ON"
7503,way,293507767,45.4466587,-75.6321061,,860,Blackthorne Avenue,apartments,"860 Blackthorne avenue, Ottawa, ON","860 Blackthorne avenue, Ottawa, ON"
114753,way,473220241,45.4396363,-75.5968379,,1957,Jasmine Crescent,apartments,"1957 Jasmine crescent, Ottawa, ON","1957 Jasmine crescent, Ottawa, ON"
7961,way,307098909,45.3835255,-75.7472303,,305,Irene Crescent,apartments,"305 Irene crescent, Ottawa, ON","305 Irene crescent, Ottawa, ON"
5290,way,249426502,45.333545,-75.7963579,,51,Gladecrest Court,apartments,"51 Gladecrest court, Ottawa, ON","51 Gladecrest court, Ottawa, ON"
280644,way,619344279,45.4302577,-75.6938218,,210,St. Patrick Street,apartments,"210 St. patrick street, Ottawa, ON","210 St. patrick street, Ottawa, ON"
136908,way,478829993,45.4423316,-75.6767462,,105,Springfield Road,apartments,"105 Springfield road, Ottawa, ON","105 Springfield road, Ottawa, ON"
20001,way,460669839,45.4345646,-75.6680343,,69,Mark Avenue,apartments,"69 Mark avenue, Ottawa, ON","69 Mark avenue, Ottawa, ON"
49365,way,471141293,45.4723897,-75.4548375,,80,Briargate Private,apartments,"80 Briargate private, Ottawa, ON","80 Briargate private, Ottawa, ON"
7907,way,307096268,45.3728287,-75.7366212,,1465,Caldwell Avenue,apartments,"1465 Caldwell avenue, Ottawa, ON","1465 Caldwell avenue, Ottawa, ON"
18821,way,458599764,45.4340908,-75.6910079,,232,Bruyère Street,apartments,"232 Bruyère street, Ottawa, ON","232 Bruyère street, Ottawa, ON"
136287,way,478630969,45.4430001,-75.6733838,,20,Chapleau Avenue,apartments,"20 Chapleau avenue, Ottawa, ON","20 Chapleau avenue, Ottawa, ON"
9473,way,320337306,45.4023207,-75.7256847,,10,Sherbrooke Avenue,apartments,"10 Sherbrooke avenue, Ottawa, ON","10 Sherbrooke avenue, Ottawa, ON"
288280,way,634338324,45.4317432,-75.6962531,,60,Bruyère Street,apartments,"60 Bruyère street, Ottawa, ON","60 Bruyère street, Ottawa, ON"
7904,way,307095984,45.3754064,-75.7346345,,1411,Morisset Avenue,apartments,"1411 Morisset avenue, Ottawa, ON","1411 Morisset avenue, Ottawa, ON"
281480,way,620504258,45.4436657,-75.641825,,555,Brittany Drive,apartments,"555 Brittany drive, Ottawa, ON","555 Brittany drive, Ottawa, ON"
192115,way,543217634,45.4137811,-75.6861732,,81,Park Avenue,apartments,"81 Park avenue, Ottawa, ON","81 Park avenue, Ottawa, ON"
190111,way,516466173,45.3732708,-75.6235323,,250,Winterfell Private,apartments,"250 Winterfell private, Ottawa, ON","250 Winterfell private, Ottawa, ON"
5349,way,250929601,45.4428351,-75.6643598,,123,Lavergne Street,apartments,"123 Lavergne street, Ottawa, ON","123 Lavergne street, Ottawa, ON"
9964,way,338036360,45.3838254,-75.7349149,,1290,Thames Street,apartments,"1290 Thames street, Ottawa, ON","1290 Thames street, Ottawa, ON"
140021,way,478971943,45.3946859,-75.7151285,,261,Botanica Private,apartments,"261 Botanica private, Ottawa, ON","261 Botanica private, Ottawa, ON"
280020,way,618716614,45.4367994,-75.655601,,302,Lafontaine Avenue,apartments,"302 Lafontaine avenue, Ottawa, ON","302 Lafontaine avenue, Ottawa, ON"
7467,way,292444894,45.4039196,-75.6837159,,30,Fourth Avenue,apartments,"30 Fourth avenue, Ottawa, ON","30 Fourth avenue, Ottawa, ON"
143909,way,479538316,45.4251327,-75.6414631,,548,Prince Albert Street,apartments,"548 Prince albert street, Ottawa, ON","548 Prince albert street, Ottawa, ON"
3779,way,231385289,45.4150813,-75.6902046,,305,Metcalfe Street,apartments,"305 Metcalfe street, Ottawa, ON","305 Metcalfe street, Ottawa, ON"
5558,way,255234687,45.4262975,-75.6819093,,290,Nelson Street,apartments,"290 Nelson street, Ottawa, ON","290 Nelson street, Ottawa, ON"
254583,way,593961297,45.2771951,-75.6785751,,1042,Beryl Private,apartments,"1042 Beryl private, Ottawa, ON","1042 Beryl private, Ottawa, ON"
1379,way,68665253,45.4331722,-75.6761025,,589,Rideau Street,apartments,"589 Rideau street, Ottawa, ON","589 Rideau street, Ottawa, ON"
19068,way,459250392,45.4344412,-75.6899115,,252,Bruyère Street,apartments,"252 Bruyère street, Ottawa, ON","252 Bruyère street, Ottawa, ON"
49,way,31813287,45.4143956,-75.6971306,,415,MacLaren Street,apartments,"415 Maclaren street, Ottawa, ON","415 Maclaren street, Ottawa, ON"
155336,way,481678238,45.4132232,-75.6763032,,135,Concord Street South,apartments,"135 Concord street south, Ottawa, ON","135 Concord street south, Ottawa, ON"
136009,way,478630281,45.4424465,-75.6644995,,140,Lavergne Street,apartments,"140 Lavergne street, Ottawa, ON","140 Lavergne street, Ottawa, ON"
259148,way,606498334,45.3159016,-75.9167118,,51,Robson Court,apartments,"51 Robson court, Ottawa, ON","51 Robson court, Ottawa, ON"
18538,way,453302880,45.4270019,-75.66376,,102,Donald Street,apartments,"102 Donald street, Ottawa, ON","102 Donald street, Ottawa, ON"
143263,way,479515116,45.3761962,-75.7284739,,1288,Trenton Avenue,apartments,"1288 Trenton avenue, Ottawa, ON","1288 Trenton avenue, Ottawa, ON"
288281,way,634338325,45.431693,-75.6963597,,56,Bruyère Street,apartments,"56 Bruyère street, Ottawa, ON","56 Bruyère street, Ottawa, ON"
253426,way,590824985,45.3485201,-75.8115898,,133,Woodridge Crescent,apartments,"133 Woodridge crescent, Ottawa, ON","133 Woodridge crescent, Ottawa, ON"
268,way,60975630,45.374821,-75.7797344,,108,New Orchard Avenue North,apartments,"108 New orchard avenue north, Ottawa, ON","108 New orchard avenue north, Ottawa, ON"
149239,way,479919677,45.3622169,-75.716709,,1163,Meadowlands Drive East,apartments,"1163 Meadowlands drive east, Ottawa, ON","1163 Meadowlands drive east, Ottawa, ON"
18852,way,458602052,45.433708,-75.6929785,,181,Bruyère Street,apartments,"181 Bruyère street, Ottawa, ON","181 Bruyère street, Ottawa, ON"
136347,way,478631029,45.4431892,-75.6734922,,22,Chapleau Avenue,apartments,"22 Chapleau avenue, Ottawa, ON","22 Chapleau avenue, Ottawa, ON"
256573,way,599436510,45.3521645,-75.6285947,,3062,Councillor's Way,apartments,"3062 Councillor's way, Ottawa, ON","3062 Councillor's way, Ottawa, ON"
4487,way,237159477,45.3810455,-75.749022,,725,Melbourne Avenue,apartments,"725 Melbourne avenue, Ottawa, ON","725 Melbourne avenue, Ottawa, ON"
4203,way,233903850,45.3578173,-75.7954319,,835,High Street,apartments,"835 High street, Ottawa, ON","835 High street, Ottawa, ON"
257385,way,602747882,45.3298315,-75.7500773,,21,Cheryl Road,apartments,"21 Cheryl road, Ottawa, ON","21 Cheryl road, Ottawa, ON"
10169,way,354627442,45.480473,-75.5265061,,200,Titanium Private,apartments,"200 Titanium private, Ottawa, ON","200 Titanium private, Ottawa, ON"
248957,way,585009104,45.4279122,-75.6803461,,333,Friel Street,apartments,"333 Friel street, Ottawa, ON","333 Friel street, Ottawa, ON"
257480,way,602774860,45.2794547,-75.758822,,10,Sweetbriar Circle,apartments,"10 Sweetbriar circle, Ottawa, ON","10 Sweetbriar circle, Ottawa, ON"
1290,way,68661091,45.4054665,-75.7103305,,280,Rochester Street,apartments,"280 Rochester street, Ottawa, ON","280 Rochester street, Ottawa, ON"
3580,way,222841208,45.4274671,-75.6862282,,200,Besserer Street,apartments,"200 Besserer street, Ottawa, ON","200 Besserer street, Ottawa, ON"
177464,way,483945553,45.3882241,-75.6211577,,2271,Halifax Drive,apartments,"2271 Halifax drive, Ottawa, ON","2271 Halifax drive, Ottawa, ON"
254584,way,593961298,45.2775509,-75.6787478,,1032,Beryl Private,apartments,"1032 Beryl private, Ottawa, ON","1032 Beryl private, Ottawa, ON"
227739,way,572212444,45.3542792,-75.7555137,,1830,Baseline Road,apartments,"1830 Baseline road, Ottawa, ON","1830 Baseline road, Ottawa, ON"
188656,way,485160759,45.422338,-75.6810379,,636,King Edward Avenue,apartments,"636 King edward avenue, Ottawa, ON","636 King edward avenue, Ottawa, ON"
45,way,31813276,45.4185057,-75.6860704,,60,MacLaren Street,apartments,"60 Maclaren street, Ottawa, ON","60 Maclaren street, Ottawa, ON"
5910,way,257845745,45.4133776,-75.6862475,,425,Elgin Street,apartments,"425 Elgin street, Ottawa, ON","425 Elgin street, Ottawa, ON"
33761,way,470304295,45.4603344,-75.4503102,,141,Potts Private,apartments,"141 Potts private, Ottawa, ON","141 Potts private, Ottawa, ON"
15529,way,441861909,45.4038184,-75.722191,,78,Irving Avenue,apartments,"78 Irving avenue, Ottawa, ON","78 Irving avenue, Ottawa, ON"
7894,way,307095743,45.377265,-75.7323251,,1095,Merivale Road,apartments,"1095 Merivale road, Ottawa, ON","1095 Merivale road, Ottawa, ON"
4763,way,241838454,45.3491716,-75.8125541,,136,Woodridge Crescent,apartments,"136 Woodridge crescent, Ottawa, ON","136 Woodridge crescent, Ottawa, ON"
5602,way,255270575,45.4190752,-75.6690351,,430,Wiggins Private,apartments,"430 Wiggins private, Ottawa, ON","430 Wiggins private, Ottawa, ON"
232164,way,575754233,45.4096411,-75.7044729,,379,Bronson Avenue,apartments,"379 Bronson avenue, Ottawa, ON","379 Bronson avenue, Ottawa, ON"
132324,way,474903796,45.3808286,-75.7303241,,970,Hooper Street,apartments,"970 Hooper street, Ottawa, ON","970 Hooper street, Ottawa, ON"
137120,way,478830257,45.441751,-75.6746197,,33,Commanda Way,apartments,"33 Commanda way, Ottawa, ON","33 Commanda way, Ottawa, ON"
9007,way,318391740,45.3647429,-75.793855,,2688,Regina Street,apartments,"2688 Regina street, Ottawa, ON","2688 Regina street, Ottawa, ON"
10710,way,364799996,45.4089342,-75.6428221,,609,Chadburn Avenue,apartments,"609 Chadburn avenue, Ottawa, ON","609 Chadburn avenue, Ottawa, ON"
120620,way,474026895,45.3608085,-75.7187539,,1192,Meadowlands Drive East,apartments,"1192 Meadowlands drive east, Ottawa, ON","1192 Meadowlands drive east, Ottawa, ON"
2648,way,167825025,45.4295751,-75.6811668,,368,Besserer Street,apartments,"368 Besserer street, Ottawa, ON","368 Besserer street, Ottawa, ON"
7639,way,300546893,45.4389558,-75.6526751,,400,Montréal Road,apartments,"400 Montréal road, Ottawa, ON","400 Montréal road, Ottawa, ON"
1439,way,68709962,45.411446,-75.6629849,,1500,Riverside Drive,apartments,"1500 Riverside drive, Ottawa, ON","1500 Riverside drive, Ottawa, ON"
7773,way,304928045,45.2802623,-75.729854,,330,Beatrice Drive,apartments,"330 Beatrice drive, Ottawa, ON","330 Beatrice drive, Ottawa, ON"
15732,way,441865452,45.404583,-75.718543,,46,Laurel Street,apartments,"46 Laurel street, Ottawa, ON","46 Laurel street, Ottawa, ON"
205908,way,549072492,45.3967209,-75.7119823,,318,Loretta Avenue South,apartments,"318 Loretta avenue south, Ottawa, ON","318 Loretta avenue south, Ottawa, ON"
257557,way,602797940,45.0392885,-75.6726328,,52,Magnolia Way,apartments,"52 Magnolia way, Ottawa, ON","52 Magnolia way, Ottawa, ON"
284869,way,625683078,45.3511897,-75.8078076,,30 A,Bayshore Drive,apartments,"30 A Bayshore drive, Ottawa, ON","30 A Bayshore drive, Ottawa, ON"
4808,way,242714994,45.4004158,-75.7005485,,280,Carling Avenue,apartments,"280 Carling avenue, Ottawa, ON","280 Carling avenue, Ottawa, ON"
9518,way,321069665,45.4085949,-75.6381774,,700,Coronation Avenue,apartments,"700 Coronation avenue, Ottawa, ON","700 Coronation avenue, Ottawa, ON"
132628,way,475075991,45.3876563,-75.750789,,533,Churchill Avenue North,apartments,"533 Churchill avenue north, Ottawa, ON","533 Churchill avenue north, Ottawa, ON"
289834,way,670763866,45.3420467,-75.7642259,,224,Paseo Private,apartments,"224 Paseo private, Ottawa, ON","224 Paseo private, Ottawa, ON"
64541,way,471797717,45.2737999,-75.93004,,1105,Stittsville Main Street,apartments,"1105 Stittsville main street, Ottawa, ON","1105 Stittsville main street, Ottawa, ON"
247304,way,584078130,45.4324952,-75.6908168,,206,Guigues Avenue,apartments,"206 Guigues avenue, Ottawa, ON","206 Guigues avenue, Ottawa, ON"
579,way,68587934,45.355914,-75.7577991,,2181,Navaho Drive,apartments,"2181 Navaho drive, Ottawa, ON","2181 Navaho drive, Ottawa, ON"
280656,way,619344291,45.4349418,-75.6920369,,255,Cathcart Street,apartments,"255 Cathcart street, Ottawa, ON","255 Cathcart street, Ottawa, ON"
115037,way,473220574,45.4385438,-75.5969642,,2041,Arrowsmith Drive,apartments,"2041 Arrowsmith drive, Ottawa, ON","2041 Arrowsmith drive, Ottawa, ON"
8614,way,315019152,45.4355056,-75.6607801,,297,Dupuis Street,apartments,"297 Dupuis street, Ottawa, ON","297 Dupuis street, Ottawa, ON"
257477,way,602774857,45.2789886,-75.7582323,,18,Sweetbriar Circle,apartments,"18 Sweetbriar circle, Ottawa, ON","18 Sweetbriar circle, Ottawa, ON"
88079,way,472299789,45.315879,-75.9160956,,80,Robson Court,apartments,"80 Robson court, Ottawa, ON","80 Robson court, Ottawa, ON"
249146,way,585009506,45.4215306,-75.6755521,,88 B,Templeton Street,apartments,"88 B Templeton street, Ottawa, ON","88 B Templeton street, Ottawa, ON"
7960,way,307098908,45.3833293,-75.7478719,,321,Irene Crescent,apartments,"321 Irene crescent, Ottawa, ON","321 Irene crescent, Ottawa, ON"
63041,way,471675742,45.3355121,-75.7466127,,100,Medhurst Drive,apartments,"100 Medhurst drive, Ottawa, ON","100 Medhurst drive, Ottawa, ON"
247261,way,584078079,45.4321158,-75.6903064,,327,St. Patrick Street,apartments,"327 St. patrick street, Ottawa, ON","327 St. patrick street, Ottawa, ON"
4596,way,238089057,45.379268,-75.7399818,,1443,Laperriere Avenue,apartments,"1443 Laperriere avenue, Ottawa, ON","1443 Laperriere avenue, Ottawa, ON"
250665,way,586637697,45.352831,-75.805981,,25,Bayshore Drive,apartments,"25 Bayshore drive, Ottawa, ON","25 Bayshore drive, Ottawa, ON"
232167,way,575754236,45.4096311,-75.7042427,,335,James Street,apartments,"335 James street, Ottawa, ON","335 James street, Ottawa, ON"
4754,way,241726467,45.3482192,-75.8103546,,51,Woodridge Crescent,apartments,"51 Woodridge crescent, Ottawa, ON","51 Woodridge crescent, Ottawa, ON"
56049,way,471314131,45.284732,-75.709984,,173,Crestway Drive,apartments,"173 Crestway drive, Ottawa, ON","173 Crestway drive, Ottawa, ON"
5541,way,255225550,45.4249946,-75.6770363,,81,Russell Avenue,apartments,"81 Russell avenue, Ottawa, ON","81 Russell avenue, Ottawa, ON"
8593,way,314343659,45.3803425,-75.7280778,,999,Hollington Street,apartments,"999 Hollington street, Ottawa, ON","999 Hollington street, Ottawa, ON"
9612,way,321903914,45.4316777,-75.652238,,358,McArthur Avenue,apartments,"358 Mcarthur avenue, Ottawa, ON","358 Mcarthur avenue, Ottawa, ON"
288666,way,638327779,45.4231841,-75.6820879,,75,Louis-Pasteur Private,apartments,"75 Louis-pasteur private, Ottawa, ON","75 Louis-pasteur private, Ottawa, ON"
7529,way,293733116,45.4423755,-75.6408052,,620,Cummings Avenue,apartments,"620 Cummings avenue, Ottawa, ON","620 Cummings avenue, Ottawa, ON"
5362,way,250933811,45.4413035,-75.6892778,,59,Crichton Street,apartments,"59 Crichton street, Ottawa, ON","59 Crichton street, Ottawa, ON"
151048,way,480205105,45.4336169,-75.6568308,,308,Blake Boulevard,apartments,"308 Blake boulevard, Ottawa, ON","308 Blake boulevard, Ottawa, ON"
49650,way,471142682,45.4716038,-75.454109,,120,Briargate Private,apartments,"120 Briargate private, Ottawa, ON","120 Briargate private, Ottawa, ON"
284862,way,625683071,45.35135,-75.8084994,,22 H,Bayshore Drive,apartments,"22 H Bayshore drive, Ottawa, ON","22 H Bayshore drive, Ottawa, ON"
120628,way,474026903,45.3599342,-75.7182926,,18,Hogan Street,apartments,"18 Hogan street, Ottawa, ON","18 Hogan street, Ottawa, ON"
7518,way,293733017,45.4411078,-75.6401396,,646,Cummings Avenue,apartments,"646 Cummings avenue, Ottawa, ON","646 Cummings avenue, Ottawa, ON"
18720,way,458182459,45.4322707,-75.6900333,,337,St. Patrick Street,apartments,"337 St. patrick street, Ottawa, ON","337 St. patrick street, Ottawa, ON"
9453,way,319808831,45.412921,-75.7068625,,212,Bronson Avenue,apartments,"212 Bronson avenue, Ottawa, ON","212 Bronson avenue, Ottawa, ON"
9215,way,319341342,45.4435292,-75.6700915,,222,Beechwood Avenue,apartments,"222 Beechwood avenue, Ottawa, ON","222 Beechwood avenue, Ottawa, ON"
291812,way,686429599,45.3237081,-75.9272274,,130,Goulbourn Forced Road,apartments,"130 Goulbourn forced road, Ottawa, ON","130 Goulbourn forced road, Ottawa, ON"
11624,way,380490907,45.4012346,-75.731966,,280,Armstrong Street,apartments,"280 Armstrong street, Ottawa, ON","280 Armstrong street, Ottawa, ON"
2398,way,157572882,45.3802444,-75.7711769,,962,Byron Avenue,apartments,"962 Byron avenue, Ottawa, ON","962 Byron avenue, Ottawa, ON"
130,way,55448737,45.4169761,-75.6865964,,99,Cartier Street,apartments,"99 Cartier street, Ottawa, ON","99 Cartier street, Ottawa, ON"
7804,way,305408732,45.3964716,-75.7432198,,88,Richmond Road,apartments,"88 Richmond road, Ottawa, ON","88 Richmond road, Ottawa, ON"
225840,way,569464122,45.361733,-75.7121177,,1124,Meadowlands Drive East,apartments,"1124 Meadowlands drive east, Ottawa, ON","1124 Meadowlands drive east, Ottawa, ON"
145726,way,479756576,45.43536,-75.651711,,415,Pie-XII Street,apartments,"415 Pie-xii street, Ottawa, ON","415 Pie-xii street, Ottawa, ON"
149962,way,480069384,45.3792038,-75.7506592,,1691,Carling Avenue,apartments,"1691 Carling avenue, Ottawa, ON","1691 Carling avenue, Ottawa, ON"
289817,way,670543705,45.3426292,-75.7637839,,164,Paseo Private,apartments,"164 Paseo private, Ottawa, ON","164 Paseo private, Ottawa, ON"
144306,way,479739572,45.4384051,-75.6590507,,246,Ste-Anne Avenue,apartments,"246 Ste-anne avenue, Ottawa, ON","246 Ste-anne avenue, Ottawa, ON"
247059,way,584077783,45.4314591,-75.6840298,,106,Little London Private,apartments,"106 Little london private, Ottawa, ON","106 Little london private, Ottawa, ON"
5578,way,255241419,45.429852,-75.6804997,,210,Chapel Street,apartments,"210 Chapel street, Ottawa, ON","210 Chapel street, Ottawa, ON"
10703,way,364799989,45.4091809,-75.6426745,,1503,Weyburn Street,apartments,"1503 Weyburn street, Ottawa, ON","1503 Weyburn street, Ottawa, ON"
9592,way,321903574,45.4331706,-75.6544675,,373,Lafontaine Avenue,apartments,"373 Lafontaine avenue, Ottawa, ON","373 Lafontaine avenue, Ottawa, ON"
284867,way,625683076,45.3514588,-75.8079675,,22 B,Bayshore Drive,apartments,"22 B Bayshore drive, Ottawa, ON","22 B Bayshore drive, Ottawa, ON"
10649,way,362343727,45.4119111,-75.6793309,,89,Main Street,apartments,"89 Main street, Ottawa, ON","89 Main street, Ottawa, ON"
849,way,68609358,45.4003729,-75.7512295,,185,Clearview Avenue,apartments,"185 Clearview avenue, Ottawa, ON","185 Clearview avenue, Ottawa, ON"
249150,way,585009510,45.4217792,-75.6753347,,96,Templeton Street,apartments,"96 Templeton street, Ottawa, ON","96 Templeton street, Ottawa, ON"
284864,way,625683073,45.3514113,-75.808244,,22 E,Bayshore Drive,apartments,"22 E Bayshore drive, Ottawa, ON","22 E Bayshore drive, Ottawa, ON"
5982,way,258270994,45.4028222,-75.7047115,,307,Lebreton Street South,apartments,"307 Lebreton street south, Ottawa, ON","307 Lebreton street south, Ottawa, ON"
289182,way,654505699,45.2310788,-75.4693278,,2761,8th Line Road,apartments,"2761 8th line road, Ottawa, ON","2761 8th line road, Ottawa, ON"
5586,way,255269202,45.4212606,-75.6739263,,245,Russell Avenue,apartments,"245 Russell avenue, Ottawa, ON","245 Russell avenue, Ottawa, ON"
247110,way,584077840,45.4308189,-75.67727,,375,Daly Avenue,apartments,"375 Daly avenue, Ottawa, ON","375 Daly avenue, Ottawa, ON"
239799,way,581627640,45.4326214,-75.6798925,,123,Augusta Street,apartments,"123 Augusta street, Ottawa, ON","123 Augusta street, Ottawa, ON"
272643,way,616777442,45.0217667,-75.6415258,,512,Clothier Street East,apartments,"512 Clothier street east, Ottawa, ON","512 Clothier street east, Ottawa, ON"
1220,way,68658752,45.3977688,-75.6159617,,2460,Southvale Crescent,apartments,"2460 Southvale crescent, Ottawa, ON","2460 Southvale crescent, Ottawa, ON"
4249,way,233922610,45.355262,-75.7753179,,2155,Elmira Drive,apartments,"2155 Elmira drive, Ottawa, ON","2155 Elmira drive, Ottawa, ON"
147483,way,479797593,45.4058011,-75.6801084,,441,Echo Drive,apartments,"441 Echo drive, Ottawa, ON","441 Echo drive, Ottawa, ON"
177257,way,483938835,45.3722536,-75.6515425,,1455,Heatherington Road,apartments,"1455 Heatherington road, Ottawa, ON","1455 Heatherington road, Ottawa, ON"
7713,way,303066889,45.3628835,-75.7422866,,1330,Maitland Avenue,apartments,"1330 Maitland avenue, Ottawa, ON","1330 Maitland avenue, Ottawa, ON"
5344,way,250929593,45.4426479,-75.6628896,,162,Lebrun Street,apartments,"162 Lebrun street, Ottawa, ON","162 Lebrun street, Ottawa, ON"
255175,way,596706567,45.4091335,-75.6530909,,566,Neighbourhood Way,apartments,"566 Neighbourhood way, Ottawa, ON","566 Neighbourhood way, Ottawa, ON"
2606,way,167692067,45.4285842,-75.6950238,,22,Murray Street,apartments,"22 Murray street, Ottawa, ON","22 Murray street, Ottawa, ON"
49502,way,471141961,45.4729616,-75.4552331,,2082,Valin Street,apartments,"2082 Valin street, Ottawa, ON","2082 Valin street, Ottawa, ON"
9619,way,321905365,45.4303946,-75.6591845,,376,Crete Place,apartments,"376 Crete place, Ottawa, ON","376 Crete place, Ottawa, ON"
129518,way,474717493,45.3585864,-75.790956,,2687,Cresthill Street,apartments,"2687 Cresthill street, Ottawa, ON","2687 Cresthill street, Ottawa, ON"
19178,way,459471178,45.4265181,-75.6842092,,484,King Edward Avenue,apartments,"484 King edward avenue, Ottawa, ON","484 King edward avenue, Ottawa, ON"
141048,way,479047891,45.4227216,-75.6558981,,240,Presland Road,apartments,"240 Presland road, Ottawa, ON","240 Presland road, Ottawa, ON"
42800,way,470836373,45.2654979,-75.7073444,,55,Lodge Road,apartments,"55 Lodge road, Ottawa, ON","55 Lodge road, Ottawa, ON"
53,way,31813297,45.4183223,-75.6940325,,225,Lisgar Street,apartments,"225 Lisgar street, Ottawa, ON","225 Lisgar street, Ottawa, ON"
7525,way,293733024,45.4412934,-75.6394525,,659,Wilson Street,apartments,"659 Wilson street, Ottawa, ON","659 Wilson street, Ottawa, ON"
142225,way,479507103,45.4056448,-75.704114,,371,Arlington Avenue,apartments,"371 Arlington avenue, Ottawa, ON","371 Arlington avenue, Ottawa, ON"
2743,way,171416338,45.2742121,-75.8609931,,480,Brigitta Street,apartments,"480 Brigitta street, Ottawa, ON","480 Brigitta street, Ottawa, ON"
132908,way,475084982,45.3790547,-75.7510021,,1699,Carling Avenue,apartments,"1699 Carling avenue, Ottawa, ON","1699 Carling avenue, Ottawa, ON"
286043,way,628364464,45.4333315,-75.6892427,,193,King Edward Avenue,apartments,"193 King edward avenue, Ottawa, ON","193 King edward avenue, Ottawa, ON"
18379,way,449153230,45.4299781,-75.6204089,,1396,Ogilvie Road,apartments,"1396 Ogilvie road, Ottawa, ON","1396 Ogilvie road, Ottawa, ON"
286496,way,630270698,45.4023322,-75.6851346,,6,Rupert Street,apartments,"6 Rupert street, Ottawa, ON","6 Rupert street, Ottawa, ON"
136791,way,478631536,45.4397025,-75.6724995,,36,St-Charles Street,apartments,"36 St-charles street, Ottawa, ON","36 St-charles street, Ottawa, ON"
4470,way,237128763,45.3998205,-75.7252434,,84,Rosemount Avenue,apartments,"84 Rosemount avenue, Ottawa, ON","84 Rosemount avenue, Ottawa, ON"
188658,way,485160761,45.4219943,-75.6810695,,85,Marie-Curie Private,apartments,"85 Marie-curie private, Ottawa, ON","85 Marie-curie private, Ottawa, ON"
288817,way,640413881,45.4325056,-75.6914772,,195,Guigues Avenue,apartments,"195 Guigues avenue, Ottawa, ON","195 Guigues avenue, Ottawa, ON"
10662,way,363091528,45.376388,-75.6522942,,2865,Cedarwood Drive,apartments,"2865 Cedarwood drive, Ottawa, ON","2865 Cedarwood drive, Ottawa, ON"
178148,way,484079266,45.4252576,-75.6395044,,598,Prince Albert Street,apartments,"598 Prince albert street, Ottawa, ON","598 Prince albert street, Ottawa, ON"
42,way,31813260,45.417503,-75.68859,,150,MacLaren Street,apartments,"150 Maclaren street, Ottawa, ON","150 Maclaren street, Ottawa, ON"
5805,way,257156055,45.3949821,-75.7534012,,295,Ashton Avenue,apartments,"295 Ashton avenue, Ottawa, ON","295 Ashton avenue, Ottawa, ON"
13834,way,389993987,45.3892944,-75.7567461,,423,Ravenhill Avenue,apartments,"423 Ravenhill avenue, Ottawa, ON","423 Ravenhill avenue, Ottawa, ON"
13392,way,388806110,45.3806765,-75.7692351,,463,Sherbourne Road,apartments,"463 Sherbourne road, Ottawa, ON","463 Sherbourne road, Ottawa, ON"
4482,way,237159470,45.3807212,-75.7484805,,364,Tillbury Avenue,apartments,"364 Tillbury avenue, Ottawa, ON","364 Tillbury avenue, Ottawa, ON"
7666,way,300981317,45.43887,-75.6717734,,101,Alice Street,apartments,"101 Alice street, Ottawa, ON","101 Alice street, Ottawa, ON"
7770,way,304835699,45.361369,-75.7189543,,1195,Meadowlands Drive East,apartments,"1195 Meadowlands drive east, Ottawa, ON","1195 Meadowlands drive east, Ottawa, ON"
6873,way,264547189,45.4081161,-75.73324,,131,Parkdale Avenue,apartments,"131 Parkdale avenue, Ottawa, ON","131 Parkdale avenue, Ottawa, ON"
110156,way,473152333,45.3130148,-75.8330921,,848,Seyton Drive,apartments,"848 Seyton drive, Ottawa, ON","848 Seyton drive, Ottawa, ON"
592,way,68587990,45.3655404,-75.789952,,320,Croydon Avenue,apartments,"320 Croydon avenue, Ottawa, ON","320 Croydon avenue, Ottawa, ON"
281491,way,620505977,45.422579,-75.6785831,,218,Somerset Street East,apartments,"218 Somerset street east, Ottawa, ON","218 Somerset street east, Ottawa, ON"
6006,way,258283006,45.4035687,-75.7214639,,95,Irving Avenue,apartments,"95 Irving avenue, Ottawa, ON","95 Irving avenue, Ottawa, ON"
255178,way,596706570,45.4092192,-75.6526654,,1436,Station Boulevard,apartments,"1436 Station boulevard, Ottawa, ON","1436 Station boulevard, Ottawa, ON"
9603,way,321903750,45.430515,-75.6513509,,397,Millcraft Crescent,apartments,"397 Millcraft crescent, Ottawa, ON","397 Millcraft crescent, Ottawa, ON"
8027,way,307251315,45.4228963,-75.6549287,,260,Presland Road,apartments,"260 Presland road, Ottawa, ON","260 Presland road, Ottawa, ON"
5421,way,251702612,45.3431232,-75.7785954,,19,Rockway Crescent,apartments,"19 Rockway crescent, Ottawa, ON","19 Rockway crescent, Ottawa, ON"
7871,way,306940465,45.3008906,-75.8854389,,17,Lombardo Drive,apartments,"17 Lombardo drive, Ottawa, ON","17 Lombardo drive, Ottawa, ON"
284910,way,625965403,45.4356125,-75.6652646,,251,Durocher Street,apartments,"251 Durocher street, Ottawa, ON","251 Durocher street, Ottawa, ON"
3531,way,213260583,45.3617184,-75.7954873,,372,Zephyr Avenue,apartments,"372 Zephyr avenue, Ottawa, ON","372 Zephyr avenue, Ottawa, ON"
6804,way,264390922,45.4180185,-75.7058556,,151,Bay Street,apartments,"151 Bay street, Ottawa, ON","151 Bay street, Ottawa, ON"
32510,way,470245372,45.5157284,-75.4064959,,2564,Market Street,apartments,"2564 Market street, Ottawa, ON","2564 Market street, Ottawa, ON"
11967,way,380697954,45.4039179,-75.730191,,8,Bullman Street,apartments,"8 Bullman street, Ottawa, ON","8 Bullman street, Ottawa, ON"
